Student_ID,Hours_Study,Sleep_Hours,Internships,Projects,CGPA,Placement_Score,Placed
STU_0001,6.993428306022466,8.407425708963997,2.0,4.0,7.272117111124783,100.0,1
STU_0002,5.72347139765763,6.225932907673939,1.0,2.0,8.01911288223487,100.0,1
STU_0003,7.295377076201385,7.144181165411475,0.0,3.0,7.968511413523505,100.0,1
STU_0004,9.046059712816051,6.306587066942436,0.0,2.0,8.155574209399553,99.9,1
STU_0005,5.531693250553328,6.348255658851526,1.0,4.0,7.878254149178676,99.6,1
STU_0006,5.531726086101639,6.536241814797041,1.0,1.0,6.840888742948928,83.5,1
STU_0007,9.158425631014783,7.333200657450569,,3.0,6.831929185356504,100.0,1
STU_0008,7.534869458305818,6.281877067504784,3.0,2.0,5.941363182607962,95.1,1
STU_0009,5.061051228130096,8.883634188360281,0.0,4.0,9.820207550940623,95.0,1
STU_0010,7.085120087171929,5.658089046670744,2.0,1.0,7.517485474005081,83.7,1
STU_0011,5.0731646143750755,6.719692533757962,1.0,3.0,7.2076910274666925,91.9,1
STU_0012,5.068540492859486,6.340403412588738,2.0,1.0,6.292570294111804,73.4,1
STU_0013,6.483924543132068,9.1704668265306,2.0,2.0,10.0,100.0,1
STU_0014,2.173439510684404,7.294832164767362,1.0,1.0,6.104673558110235,55.8,1
STU_0015,2.5501643349739345,8.547766809202953,2.0,3.0,6.942497696712104,95.8,1
STU_0016,4.875424941518054,4.771659440444542,2.0,6.0,8.04058788717188,100.0,1
STU_0017,3.9743377593311524,7.4005753988038885,1.0,4.0,8.28027685546756,100.0,1
STU_0018,6.628494665190548,8.334446193435156,2.0,3.0,8.745311671780389,100.0,1
STU_0019,4.183951848957578,7.123425983913136,2.0,4.0,9.849891060100042,100.0,1
STU_0020,3.175392597329417,8.598220562598026,1.0,4.0,8.158004952098926,100.0,1
STU_0021,8.931297537843108,6.224067324849441,0.0,2.0,6.127159960043332,92.8,1
STU_0022,5.548447399026928,9.11402116027837,0.0,0.0,7.165971337341684,87.1,1
STU_0023,6.1350564093758475,10.0,2.0,1.0,7.90018208426805,100.0,1
STU_0024,3.1505036275730864,6.455742159340511,1.0,5.0,10.0,100.0,1
STU_0025,4.911234550949635,6.331746217898842,0.0,4.0,5.682852878048414,93.3,1
STU_0026,6.2218451794197325,9.180076715676552,4.0,1.0,9.063349456792796,100.0,1
STU_0027,3.6980128451553944,9.36935821859607,3.0,3.0,7.733888680410342,100.0,1
STU_0028,6.751396036691344,6.2157099592700975,2.0,3.0,8.589179695798325,100.0,1
STU_0029,4.7987226201623905,6.369719774356215,0.0,2.0,7.367406868373289,80.8,1
STU_0030,5.416612500413446,6.577323086709239,1.0,1.0,6.404837580835776,74.3,1
STU_0031,4.796586775541206,4.9833242334485846,2.0,3.0,8.476134613221731,100.0,1
STU_0032,9.704556369017876,5.622022080273703,1.0,1.0,8.350760335237307,92.9,1
STU_0033,5.973005550524132,5.493788849871898,3.0,0.0,8.763674055461639,100.0,1
STU_0034,3.8845781420881993,5.848303652343807,1.0,2.0,7.482703974007774,63.4,0
STU_0035,7.645089824206378,6.947972668919828,2.0,1.0,6.720231369684196,100.0,1
STU_0036,3.5583127000579555,7.351322098804781,2.0,3.0,5.473576906469006,74.3,1
STU_0037,6.4177271900095105,9.325750739221116,0.0,3.0,8.565185248581228,91.1,1
STU_0038,2.080659752240449,5.5024689388918135,2.0,0.0,8.051056327177182,85.3,1
STU_0039,3.343627902203139,8.476483597714875,0.0,2.0,6.244482577276853,83.4,1
STU_0040,6.393722471738247,6.6790167336617365,0.0,1.0,6.799854224714388,79.1,1
STU_0041,7.476933159990821,6.925804435521351,1.0,2.0,6.893213544463127,88.8,1
STU_0042,6.342736562379941,8.012229238249905,3.0,4.0,5.5721202384228565,95.9,1
STU_0043,5.768703435223519,5.315916967656552,3.0,3.0,6.437012884413326,89.9,1
STU_0044,5.3977926088214225,7.573614619276076,0.0,1.0,6.02602053615174,72.1,0
STU_0045,3.0429560192651453,7.249678312319584,1.0,3.0,6.9637772845456825,83.5,0
STU_0046,4.5603115832105825,7.738676896012223,1.0,3.0,6.539693252171569,79.0,1
STU_0047,5.078722458080425,7.433752965861727,0.0,3.0,5.384893602873227,63.2,1
STU_0048,8.11424445243783,10.0,1.0,2.0,10.0,100.0,1
STU_0049,6.687236579136923,,1.0,2.0,9.128302950338,100.0,1
STU_0050,2.473919689274532,6.203504567497274,2.0,2.0,6.487274752024018,71.6,1
STU_0051,6.64816793878959,6.065289210362853,1.0,3.0,7.854147815649693,93.1,1
STU_0052,5.229835439167367,6.166784321259618,0.0,1.0,8.042704616767683,84.9,1
STU_0053,4.646155999388083,6.0439193090402235,1.0,3.0,9.04841161120552,94.2,1
STU_0054,7.2233525776817356,8.783524796661327,5.0,0.0,6.435813465341898,100.0,1
STU_0055,8.061999044991902,9.130756371984782,3.0,2.0,8.919738819177153,100.0,1
STU_0056,7.862560238232398,6.143880559375786,1.0,4.0,6.7877231045309845,90.1,1
STU_0057,4.321564953554723,5.751466640343657,2.0,2.0,5.763378874580803,72.9,1
STU_0058,5.381575248297571,7.707123334579606,1.0,5.0,8.441377527108846,100.0,1
STU_0059,6.662526862807128,6.171665433578543,1.0,3.0,9.177985951359156,100.0,1
STU_0060,7.951090254244718,7.949397726633266,2.0,0.0,10.0,100.0,1
STU_0061,5.04165152430942,7.304384531276949,1.0,5.0,5.940357155382722,87.7,1
STU_0062,5.628682046672366,4.7263838275041525,3.0,3.0,8.408595590605026,100.0,1
STU_0063,3.7873300519879436,9.321257801995092,2.0,3.0,6.967258383068407,100.0,1
STU_0064,3.6075867518386584,9.693816509643282,1.0,4.0,8.51836632368124,95.7,1
STU_0065,7.625051644788396,6.080816964273421,1.0,3.0,5.588363583399374,76.1,1
STU_0066,8.712480057141645,6.418447660096024,2.0,1.0,5.858399291591867,76.4,1
STU_0067,5.855979756839332,7.428798086087357,0.0,3.0,6.491362729883571,98.4,1
STU_0068,8.007065795784047,7.501685184980538,0.0,3.0,7.60265325936851,99.1,1
STU_0069,6.723272050095268,7.987816409009246,1.0,3.0,6.6665943535001375,100.0,1
STU_0070,4.709760490789751,10.0,,3.0,8.356770647087446,96.4,1
STU_0071,6.722791211016828,6.734579158758926,0.0,3.0,8.83496300373529,96.0,1
STU_0072,9.076073132931938,5.802554133192319,1.0,3.0,8.279450803618962,100.0,1
STU_0073,5.928347921780097,4.9310211579782095,4.0,3.0,9.604423931559129,100.0,1
STU_0074,9.129287311628012,5.9036049400871216,0.0,1.0,8.040574618291945,92.2,1
STU_0075,2.0,6.950309540689305,0.0,1.0,5.9180342765577825,56.9,0
STU_0076,7.643805008750448,9.691836795276682,0.0,4.0,9.272389467599842,100.0,1
STU_0077,6.174094136476342,6.223583051445743,1.0,1.0,6.7132968937122035,96.4,1
STU_0078,5.401985299068265,7.335681927458348,3.0,0.0,8.68354404959124,100.0,1
STU_0079,6.183521553071005,6.975365655890872,0.0,1.0,9.545854481521639,91.7,1
STU_0080,2.0248621707982144,8.782589910172126,2.0,3.0,8.09369441394952,89.9,1
STU_0081,5.560656224324976,10.0,0.0,3.0,5.554993542885955,80.9,1
STU_0082,6.7142251430234925,6.203696840619519,4.0,4.0,6.306324183537271,100.0,1
STU_0083,8.955788089483033,6.265840836222667,1.0,1.0,9.219567806950677,100.0,1
STU_0084,4.963459563452705,8.566241315603609,1.0,3.0,7.2801405086643385,85.8,1
STU_0085,4.3830127942136246,8.022837234439468,3.0,3.0,7.603445595424816,100.0,1
STU_0086,4.996485912830927,9.770060988604051,2.0,6.0,8.486471741012693,100.0,1
STU_0087,7.830804235404148,7.875892277988946,1.0,1.0,8.405219720704421,100.0,1
STU_0088,6.657502219319369,6.461061863819411,1.0,3.0,7.862439756101099,93.0,1
STU_0089,4.940479592465922,7.885982246038464,1.0,,7.228731117413394,94.4,1
STU_0090,7.026534866226712,8.663055370874362,3.0,1.0,7.093531020547935,100.0,1
STU_0091,6.194155098696081,8.230723271796046,2.0,3.0,8.615268472878746,100.0,1
STU_0092,7.937289981065779,7.760911046660946,0.0,3.0,8.21964039038813,93.0,1
STU_0093,4.595893812245295,8.600012034383731,1.0,0.0,7.165509999196874,80.9,1
STU_0094,5.3446757068044635,8.75394338566851,0.0,2.0,8.906746006891083,88.6,1
STU_0095,5.215783693735685,9.07323848655629,0.0,0.0,7.332255650331281,87.0,1
STU_0096,3.072970103735763,7.973064831384464,0.0,5.0,6.392839173365289,77.9,1
STU_0097,6.592240554129152,6.749322879524718,2.0,3.0,6.513338091425652,92.4,1
STU_0098,6.522110544359778,7.220070529649984,0.0,1.0,6.227636912797304,71.4,1
STU_0099,6.010226913284922,8.809763449762535,1.0,1.0,7.1458669784152065,89.0,1
STU_0100,5.530825733249706,5.774596493519146,0.0,2.0,9.10384156183705,97.7,1
STU_0101,3.1692585158991715,7.553009963309352,1.0,5.0,6.4533762646603385,95.8,1
STU_0102,5.158709354469282,6.409991781508959,0.0,3.0,7.745018489323534,77.8,1
STU_0103,5.314570966946461,7.043117234402226,0.0,1.0,6.646303850684363,55.4,0
STU_0104,4.395445461556762,8.917677793910947,0.0,1.0,7.161598246347131,77.3,1
STU_0105,5.677428576667982,7.286648602029855,0.0,6.0,5.536946424419172,81.9,1
STU_0106,6.8081017136290765,7.069654822234223,1.0,2.0,7.213300302096501,92.3,1
STU_0107,9.77237180242106,4.960215788530121,1.0,2.0,7.24818300625355,86.9,1
STU_0108,6.349155625663678,8.119380349040831,0.0,2.0,8.202374327246403,86.9,1
STU_0109,6.515100781445529,7.968226271711613,2.0,2.0,7.790265187231982,100.0,1
STU_0110,5.851108168467666,10.0,1.0,2.0,5.942090237562341,97.0,1
STU_0111,2.162457569401917,6.538332647570499,,0.0,8.909457717256606,80.6,1
STU_0112,5.946972249101567,7.328725491495908,3.0,1.0,7.773393952288594,100.0,1
STU_0113,6.120460419882053,7.374075525566133,0.0,2.0,7.757911572330733,99.3,1
STU_0114,10.926484224970572,9.366179919645212,0.0,1.0,7.4880629405993195,100.0,1
STU_0115,5.615278070437755,6.857056701419572,1.0,3.0,6.826915318611114,82.6,1
STU_0116,6.603094684667225,7.418532288655509,2.0,5.0,7.783143041673344,100.0,1
STU_0117,5.9305764605895135,7.911844764574809,1.0,2.0,8.118264966707157,99.8,1
STU_0118,3.662643924760936,7.279913684734537,3.0,4.0,5.229035601250779,78.2,1
STU_0119,8.285645629030041,6.330349578174207,1.0,1.0,6.799610911450076,97.8,1
STU_0120,7.503866065373549,7.291134989347461,0.0,4.0,7.1685689384753335,96.6,1
STU_0121,7.582063894086094,8.610447624789657,0.0,4.0,7.833021787402561,100.0,1
STU_0122,4.181225090410522,5.460227050883409,2.0,1.0,9.051304307705264,89.3,1
STU_0123,8.805588621872198,,1.0,2.0,6.496736941024183,100.0,1
STU_0124,3.1962978744154382,5.94981877759124,1.0,2.0,6.8526495991368055,63.4,0
STU_0125,7.173714187600541,,2.0,4.0,6.833705656159485,100.0,1
STU_0126,10.380911251619956,4.715219642824338,0.0,2.0,6.458014132864096,77.9,1
STU_0127,4.0189273497386235,6.161617229092617,2.0,3.0,7.048657556354058,87.7,1
STU_0128,4.867404540794456,7.565817812596781,1.0,0.0,8.502042885984363,100.0,1
STU_0129,6.199302730175282,9.34828604385151,1.0,4.0,6.13001385602635,84.6,1
STU_0130,4.993048691767601,6.901374608390518,4.0,3.0,8.056158713698775,100.0,1
STU_0131,2.8986731378677346,6.167200709960202,0.0,1.0,5.287527100976163,64.7,1
STU_0132,6.137125949612055,9.821735604160885,1.0,1.0,6.770260604625133,94.0,1
STU_0133,3.8753925725477902,4.8279791493756345,1.0,2.0,7.0716639097166185,67.4,0
STU_0134,6.9471848612703635,4.0,0.0,4.0,9.677317574788285,100.0,1
STU_0135,4.1611515315323935,7.6600216750799985,1.0,2.0,7.142757003821505,73.1,1
STU_0136,9.09986881003508,6.246918663471083,1.0,3.0,4.638383484513806,87.5,1
STU_0137,4.433493415327526,5.46815077430393,0.0,1.0,4.901444421080376,68.6,1
STU_0138,5.355876967588649,8.06253467094903,0.0,2.0,7.544238462250686,89.8,1
STU_0139,7.62703443473934,7.365701070656798,1.0,4.0,8.29790211252688,100.0,1
STU_0140,3.5382713671320896,6.1538820538949075,3.0,4.0,7.988092614915429,93.8,1
STU_0141,6.4549198692082586,5.079543401993659,1.0,4.0,7.717841137541288,83.1,1
STU_0142,8.614285508564857,8.308685992420218,0.0,1.0,9.010937476757366,100.0,1
STU_0143,2.785033530877545,7.975301766937991,1.0,4.0,6.798531413041729,84.5,0
STU_0144,6.369267717064608,6.851236204330926,2.0,3.0,8.663383722834872,100.0,1
STU_0145,6.519765588496847,9.7699554940715,3.0,2.0,5.378380649465657,86.8,1
STU_0146,7.563645743554621,5.394872850510771,1.0,1.0,6.323567817180514,75.4,1
STU_0147,3.526098578243836,4.711712243612892,2.0,3.0,5.150846186588639,72.5,1
STU_0148,3.3590867738314474,5.962137895178134,1.0,3.0,7.14270110912927,78.2,1
STU_0149,7.0438831312337955,6.931620975466753,1.0,1.0,7.439860417553755,86.8,1
STU_0150,6.5939693464663724,7.3650091739840375,2.0,5.0,7.648331939894476,100.0,1
STU_0151,6.5009857006917535,,0.0,6.0,7.580448358753276,94.9,1
STU_0152,6.692896418993952,7.528083094771445,2.0,3.0,6.294180669944754,97.1,1
STU_0153,4.639950556843019,5.122690863714334,0.0,1.0,7.25268690226282,74.2,0
STU_0154,6.464507394322007,9.165646906109888,1.0,3.0,5.553319330812527,82.4,1
STU_0155,6.586144946597362,6.876773232411146,2.0,1.0,9.272197667671925,99.3,1
STU_0156,4.571297163947264,8.675943747382192,0.0,1.0,7.105286105232599,79.0,1
STU_0157,9.731549022289514,7.5140880195665565,3.0,1.0,6.8644480452432015,100.0,1
STU_0158,6.947665841823575,7.685129828730676,1.0,1.0,9.565622426977308,100.0,1
STU_0159,3.617393005594703,7.8546509203483055,2.0,3.0,5.885079506386002,75.6,1
STU_0160,7.313107217267659,7.671562840025972,0.0,2.0,6.03673675175844,86.8,1
STU_0161,4.050636659545357,7.964084139801316,0.0,0.0,6.074913577670865,63.8,0
STU_0162,7.574169207484904,8.993728795198647,,0.0,7.411767203790673,100.0,1
STU_0163,8.317191158014808,7.294781754552205,0.0,5.0,8.061121118528877,99.9,1
STU_0164,4.358635363296579,8.063505636382768,2.0,1.0,8.461578108553184,100.0,1
STU_0165,7.926752258488643,6.86539645856916,1.0,2.0,10.0,100.0,1
STU_0166,6.825561853872997,9.16017582317421,1.0,0.0,4.575737809539007,63.4,1
STU_0167,7.64412031998898,5.985411546911095,4.0,3.0,8.291356265861742,100.0,1
STU_0168,9.793585965307894,9.701410649366224,2.0,1.0,6.775730255656099,100.0,1
STU_0169,5.509223767994259,6.939763074033485,1.0,1.0,6.737660306444594,63.9,0
STU_0170,4.492527671285021,4.853837346822928,0.0,3.0,6.694296233269959,75.9,1
STU_0171,4.220971140748953,7.192156622366184,1.0,2.0,6.318599427949635,79.7,1
STU_0172,4.368379430069123,5.978422513787679,2.0,1.0,9.689882284984488,97.9,1
STU_0173,5.845796581171792,8.260965323483086,1.0,0.0,8.594986525118074,87.4,1
STU_0174,6.682303949633288,6.021064031046413,0.0,4.0,7.530154772124587,97.2,1
STU_0175,6.553381598660038,6.33072485017783,0.0,0.0,9.2563204782331,100.0,1
STU_0176,7.654366498072047,4.165688903581703,1.0,1.0,5.533712345111462,64.0,0
STU_0177,6.026003783755814,6.321540521126385,2.0,2.0,5.770083329269796,92.1,1
STU_0178,8.907068154314633,4.0,1.0,3.0,4.668641948146906,71.0,1
STU_0179,5.470686333524088,4.624145764771415,1.0,1.0,6.590761097839726,66.2,0
STU_0180,11.440338333179238,8.140621984216446,1.0,5.0,7.710208084716179,100.0,1
STU_0181,7.251334695530012,8.178700237976248,4.0,2.0,7.633716151312035,100.0,1
STU_0182,4.2856848871674345,7.6381863426774474,0.0,4.0,7.694144484377844,92.3,1
STU_0183,3.8582150038777754,5.549535785306181,1.0,3.0,5.665626119614093,60.4,0
STU_0184,6.96494483048637,6.92843296578703,,3.0,8.544101165398228,100.0,1
STU_0185,5.553074429348298,6.994596191364147,0.0,4.0,7.811515773710697,96.7,1
STU_0186,7.428000988184184,5.262452966211185,4.0,2.0,8.452970565905797,100.0,1
STU_0187,6.94647524914709,9.255097452650727,0.0,4.0,5.039409169132933,70.7,1
STU_0188,5.854342174686255,8.316043435863508,1.0,2.0,7.904938116437127,96.9,1
STU_0189,4.30641256386319,6.668553739255504,1.0,5.0,5.955905188107215,80.4,0
STU_0190,2.9703055506282707,7.040328758491796,2.0,,6.983479771683229,89.5,1
STU_0191,5.106970095865957,7.312574211921329,2.0,3.0,8.194674368227298,100.0,1
STU_0192,7.712797588646945,4.0,2.0,3.0,7.618421688132687,100.0,1
STU_0193,6.4281874882604075,6.629233926219104,0.0,1.0,6.392998026286886,95.7,1
STU_0194,3.508522442576024,5.977023628003302,0.0,3.0,7.508155103039744,63.3,1
STU_0195,6.346361851702364,5.497569985157627,1.0,5.0,5.509004090183264,59.5,1
STU_0196,6.770634759457674,6.578349560671068,1.0,1.0,8.995347614667786,99.4,1
STU_0197,4.232285127597734,9.696529790274283,3.0,3.0,7.233130774654874,86.7,1
STU_0198,6.307450211891056,,4.0,0.0,8.954114927531924,100.0,1
STU_0199,6.116417436892,6.143231515325805,0.0,3.0,6.815508806775144,77.8,1
STU_0200,3.714059404338754,7.858874172034238,3.0,3.0,6.819351215071443,100.0,1
STU_0201,6.715574720696567,9.099033154879002,0.0,1.0,6.5065571773708,78.2,1
STU_0202,7.121569052736469,8.386950524369153,2.0,4.0,8.639026111200998,100.0,1
STU_0203,8.166102486350553,7.089445554880261,2.0,0.0,6.577739495472981,92.0,1
STU_0204,8.107604104069805,6.029594833441639,2.0,6.0,8.337974062139729,100.0,1
STU_0205,3.244661264085818,8.047334970420385,1.0,3.0,7.002811883029922,84.4,1
STU_0206,4.124349920169754,7.590228078132625,0.0,1.0,4.9312477101408945,68.6,0
STU_0207,7.0300705344173195,8.342789830041598,1.0,3.0,6.758591711877594,100.0,1
STU_0208,7.027571901824418,7.9527577025229546,0.0,1.0,5.967159321328298,77.4,1
STU_0209,7.030095372612096,8.574329072979003,0.0,1.0,7.544073540787039,100.0,1
STU_0210,13.705462981309442,6.1971471826591475,1.0,2.0,5.9524699436231625,89.2,0
STU_0211,7.141781021386334,8.976091098451489,,2.0,8.703767630929002,100.0,1
STU_0212,8.271131280361198,7.296399407038599,0.0,4.0,7.381601381541064,99.9,1
STU_0213,7.908003526986405,10.0,3.0,2.0,7.269125206813639,100.0,1
STU_0214,7.302782502611596,5.966218272865648,3.0,6.0,8.352659779123858,100.0,1
STU_0215,5.369461510719309,9.603945704747874,2.0,1.0,8.75307901429862,90.6,0
STU_0216,7.517938440986535,7.296866175193972,1.0,2.0,7.473871622699453,99.3,1
STU_0217,4.454349570924856,6.022872994578328,1.0,1.0,6.497439610585922,61.6,0
STU_0218,5.526362786519982,6.274171248918518,0.0,3.0,5.193839499054231,61.8,1
STU_0219,5.029272904341793,6.519479037708519,1.0,3.0,6.608135315854266,83.9,1
STU_0220,6.163748278772645,7.636248919602875,2.0,4.0,6.69762407935765,90.8,1
STU_0221,10.629317133347017,7.784253232053249,2.0,5.0,7.639174688889986,100.0,1
STU_0222,2.265469614816504,6.139449994092131,0.0,3.0,7.051309054520565,65.7,1
STU_0223,7.372520380749027,6.963468111608526,2.0,2.0,8.394312863666856,100.0,1
STU_0224,2.7745682576206967,10.0,0.0,3.0,6.703121747348104,80.0,1
STU_0225,5.056136268421133,9.591314755151068,0.0,1.0,7.425846483091176,81.9,1
STU_0226,8.177901193934732,7.654485504511048,1.0,6.0,9.039183676155956,100.0,1
STU_0227,6.128560038190925,7.057005217252301,0.0,3.0,7.944372778141457,99.5,1
STU_0228,3.8445104441413878,7.1800469900773916,0.0,1.0,7.4219511958048665,78.1,1
STU_0229,4.569392581480064,7.9202769590956255,3.0,1.0,6.71747222548427,96.4,1
STU_0230,7.359195497869352,5.4658111522023916,1.0,6.0,6.676799184270529,86.1,1
STU_0231,4.539266736565727,6.613935193864982,0.0,4.0,6.394202771162468,80.7,1
STU_0232,6.43291717916395,4.497123889183616,3.0,2.0,6.796691074482231,87.8,1
STU_0233,6.091143679807628,7.598834683907919,1.0,3.0,8.482365590367609,100.0,1
STU_0234,4.696799304788366,7.970793909554112,2.0,6.0,7.211545247320051,100.0,1
STU_0235,10.28788817865065,6.275220306550939,2.0,2.0,5.7452950098043996,90.4,1
STU_0236,7.267838044636022,9.360980144935048,1.0,4.0,9.798620080977718,100.0,1
STU_0237,2.0,5.161351505496488,3.0,0.0,7.915954748488712,90.2,0
STU_0238,6.3729086295388555,4.80343767968527,1.0,4.0,5.6709735793328795,70.8,1
STU_0239,4.676427070463224,7.336677727839958,1.0,3.0,6.925596394586929,84.4,1
STU_0240,7.704866669592448,8.570647453918232,1.0,5.0,7.644152297676944,89.3,1
STU_0241,4.414958523134599,9.525891537186803,0.0,2.0,9.71596972128659,100.0,1
STU_0242,5.770527117066202,6.31167360569659,1.0,4.0,6.05945380426347,81.2,1
STU_0243,7.0099745579609145,8.618021250146944,1.0,2.0,8.76885293516273,100.0,1
STU_0244,7.731510388340243,6.9422372957489396,0.0,4.0,9.319332355064047,100.0,1
STU_0245,3.5994071858884475,6.74105905008877,1.0,4.0,6.682749403403059,71.2,1
STU_0246,5.330997528318103,,0.0,0.0,7.139232295481697,85.3,1
STU_0247,5.050109377678088,7.978484317620129,1.0,3.0,6.152797978414099,78.2,1
STU_0248,4.693341534852577,4.635411764523626,,2.0,7.235500516595604,72.3,0
STU_0249,9.530908480562193,9.214810524588843,0.0,3.0,7.45243303335419,84.2,1
STU_0250,6.809963421921911,9.070137031221178,1.0,2.0,8.357544997507082,100.0,1
STU_0251,3.4782320913299096,6.061655947735706,0.0,3.0,8.91723851232658,82.0,1
STU_0252,7.835723894109552,7.593705300156113,1.0,3.0,6.527475115991859,90.8,1
STU_0253,10.244312394025266,7.7410452794241085,1.0,2.0,4.9424774165062075,77.8,1
STU_0254,8.064930521102294,7.391010648735861,3.0,3.0,7.472381786940885,100.0,1
STU_0255,2.961260068091973,6.174542269231869,2.0,4.0,7.8815987889592325,92.9,1
STU_0256,5.031531854267497,5.992564948092923,2.0,2.0,7.824242993990554,77.5,1
STU_0257,8.533822298373245,6.961668893512832,2.0,0.0,7.075324778238243,84.5,1
STU_0258,4.584661068762438,8.759093528889046,0.0,4.0,7.662177729563115,98.5,1
STU_0259,6.887638856292456,7.8154002318916485,5.0,0.0,9.470078250857922,100.0,1
STU_0260,7.5492681068586736,,0.0,3.0,7.996254419651262,91.8,1
STU_0261,4.146139056843834,8.157548065972517,0.0,2.0,7.01462104749599,79.9,1
STU_0262,5.8809492878764,4.0,2.0,2.0,6.849742837775206,79.9,1
STU_0263,2.0,8.723148550558156,2.0,0.0,7.27919193501895,66.6,1
STU_0264,3.9512247173314203,4.39042933183285,1.0,2.0,9.627761950379831,97.8,1
STU_0265,5.494863697213679,6.456338587895302,0.0,1.0,7.261709077615944,75.6,1
STU_0266,3.504433636070301,5.320495158060784,1.0,3.0,7.474267352123079,79.7,0
STU_0267,9.26482260786327,5.0579777864186415,0.0,4.0,6.872992357782806,92.3,1
STU_0268,3.1397172440787346,8.741240181067779,2.0,6.0,8.928678364674553,99.6,1
STU_0269,5.119911026606032,,1.0,3.0,10.0,100.0,1
STU_0270,6.2614811545721825,7.519755822596074,2.0,2.0,8.085796964260805,100.0,1
STU_0271,8.882546578132231,6.929619131681224,0.0,2.0,7.607604774921054,96.7,1
STU_0272,3.1282756976411212,7.715561240834682,2.0,2.0,7.547817683126505,100.0,1
STU_0273,8.32632750430992,7.115232836590383,0.0,1.0,4.400401174578531,75.8,1
STU_0274,6.020466122039174,5.075511663717146,2.0,1.0,8.468696123570263,98.1,1
STU_0275,4.036982697904098,8.49440022917071,1.0,2.0,7.674416340794597,98.5,1
STU_0276,6.924206948526542,6.259365125258031,1.0,4.0,8.056844665858943,100.0,1
STU_0277,6.39811939114694,4.665127152010373,1.0,1.0,6.5750991476911835,82.6,1
STU_0278,4.799566245682411,6.357827258551131,1.0,,7.00020605732978,69.7,1
STU_0279,6.139604169980037,9.251139685951467,0.0,2.0,6.965667582545875,93.7,1
STU_0280,5.22937280627648,8.275332613170239,1.0,2.0,8.828109879294951,100.0,1
STU_0281,6.227034690502496,6.477021798388211,1.0,1.0,7.007612212415979,93.9,1
STU_0282,7.324261349042093,6.476113443522356,1.0,0.0,10.0,100.0,1
STU_0283,9.172033632290704,6.5175474231739265,0.0,3.0,8.060121144719549,91.2,1
STU_0284,3.524369002346302,10.0,0.0,0.0,5.841612542005549,73.7,1
STU_0285,10.266066749312532,7.57290317834733,1.0,3.0,7.332889818772456,100.0,1
STU_0286,2.0958244009549962,7.645062470786605,1.0,1.0,6.65282234119666,71.1,1
STU_0287,5.6964298099288335,8.545425181047763,1.0,6.0,4.647302789233969,96.8,1
STU_0288,7.176634412969153,7.35818373853977,2.0,2.0,9.579312222147927,100.0,1
STU_0289,6.561983735470065,6.611436781268945,1.0,2.0,8.414085304886004,96.2,1
STU_0290,4.754600960358813,6.705475226372533,4.0,2.0,8.193169513269106,100.0,1
STU_0291,5.5837554992854495,6.892598110878904,0.0,4.0,7.715024758389616,87.5,1
STU_0292,5.013998130682334,6.944166645235238,2.0,1.0,5.703377160699831,82.1,1
STU_0293,4.821270486111577,8.091444315455469,0.0,2.0,6.8712977185779325,77.7,1
STU_0294,7.699204194042049,7.077918828710949,0.0,4.0,8.594315007219217,100.0,1
STU_0295,6.714030971930095,8.098960115823369,0.0,1.0,6.133413961282747,81.8,1
STU_0296,4.614180809478691,6.878925129837127,2.0,3.0,4.208699888873943,72.2,1
STU_0297,7.799199750866501,7.117952785474136,1.0,4.0,7.204762189884796,98.6,1
STU_0298,6.614599041753219,4.002698973201839,0.0,1.0,7.3157151797642,79.9,1
STU_0299,7.62572423767792,8.374491512053723,3.0,5.0,7.676232441339122,100.0,1
STU_0300,7.259257683847224,7.519732713846989,3.0,2.0,8.447074236568897,100.0,1
STU_0301,4.342009978155856,8.497015164789477,1.0,1.0,8.328887555900572,79.6,1
STU_0302,4.879637919606061,4.0,0.0,3.0,7.836400746817098,76.9,1
STU_0303,7.494587210246523,10.0,0.0,1.0,9.054190804512722,90.3,1
STU_0304,7.22074053086693,6.790615557767239,0.0,3.0,5.5253392849426906,68.3,0
STU_0305,5.958196812071704,8.662274225106275,2.0,2.0,8.155956358820607,100.0,1
STU_0306,6.234654766617564,5.440141109311703,0.0,2.0,8.314499872338025,92.5,1
STU_0307,8.555329791576849,7.919160857593854,5.0,2.0,5.888569028095689,100.0,1
STU_0308,4.81685722232834,5.419876655239516,1.0,1.0,5.546268208712894,48.6,0
STU_0309,7.094194762340075,6.064346558956292,0.0,2.0,6.530275235581718,78.7,1
STU_0310,5.595614695132212,9.87104703080018,0.0,2.0,6.6399961247301205,89.8,1
STU_0311,5.56463759354556,6.71397639885498,2.0,0.0,8.47944530255316,94.1,1
STU_0312,8.19755370397438,,0.0,1.0,6.701099581201577,97.0,1
STU_0313,7.6508326979760595,8.305101596033131,2.0,1.0,6.3867469262344345,93.9,1
STU_0314,7.627019272001277,7.743522831958907,1.0,0.0,6.704876142297073,93.2,1
STU_0315,8.610957614308658,,2.0,1.0,8.954222034400475,100.0,1
STU_0316,6.042007683265518,7.547441503699338,2.0,2.0,7.516956386690038,100.0,1
STU_0317,7.363905942589928,10.0,0.0,3.0,7.266973667036015,100.0,1
STU_0318,5.379466486813088,6.913571804449622,0.0,3.0,7.356992851688633,80.2,1
STU_0319,6.648332704976884,7.301648570072452,0.0,2.0,9.17967843462448,100.0,1
STU_0320,5.739713891264631,8.575981594011418,1.0,4.0,6.526076755415786,100.0,1
STU_0321,6.193991929985437,8.658288899436975,0.0,2.0,9.210160778222136,100.0,1
STU_0322,7.190314050873827,8.78054545834057,2.0,2.0,7.773645188597955,92.4,1
STU_0323,4.363558633533055,7.958095333043777,2.0,5.0,7.291454803432048,100.0,1
STU_0324,10.184774551370921,5.285492630904274,0.0,4.0,10.0,100.0,1
STU_0325,3.987965237000596,9.450147298451643,2.0,4.0,6.127668663261825,100.0,1
STU_0326,3.5716227744245357,5.280481910471968,1.0,7.0,7.040208512562892,86.9,1
STU_0327,8.316221747000135,7.453953197858549,0.0,4.0,5.8978393890867995,82.1,1
STU_0328,7.583325387925871,5.868586224970963,1.0,3.0,8.73820056169702,100.0,1
STU_0329,7.24823963410431,6.9037924801105115,0.0,1.0,9.695945613747183,100.0,1
STU_0330,7.25669101852856,7.493143615455221,4.0,2.0,9.67089961582603,100.0,1
STU_0331,5.975506454306171,7.482035823175409,1.0,6.0,9.091133379089806,100.0,1
STU_0332,4.205491257028337,7.632881131352927,5.0,2.0,7.243093391865244,100.0,1
STU_0333,6.151609116387453,9.420566903587972,1.0,1.0,7.0251867292632,78.3,1
STU_0334,4.645676576975776,7.68030145227097,0.0,0.0,5.3274792957577155,62.0,0
STU_0335,7.9502394668355025,6.633765047064027,2.0,0.0,10.0,100.0,1
STU_0336,5.705885236995723,8.446130752432536,5.0,4.0,8.109671501593008,100.0,1
STU_0337,4.349005606414977,8.784205733386962,0.0,2.0,6.860456023669672,72.5,1
STU_0338,5.357228316694013,5.158588277294511,2.0,5.0,9.226473955683058,100.0,1
STU_0339,6.825862908551248,7.896100104774787,2.0,0.0,6.235406128211999,92.8,1
STU_0340,4.872550894392051,,2.0,2.0,8.028608644489477,100.0,1
STU_0341,4.355559208867137,6.553654744960012,0.0,4.0,7.275582125421915,89.4,1
STU_0342,6.487374422983825,9.063560219967428,0.0,2.0,8.330280281844392,97.1,1
STU_0343,6.4899331422174455,6.77491661945121,2.0,3.0,7.417354399058042,88.3,1
STU_0344,4.9861136492577405,7.188364680207314,1.0,2.0,5.6137937415554084,75.1,1
STU_0345,5.057923388763355,6.740392263574195,1.0,2.0,7.598249284471049,68.9,1
STU_0346,6.464099874715273,7.023368571372202,1.0,0.0,8.86352338443797,100.0,1
STU_0347,3.1038313170053518,5.355587369657197,1.0,4.0,7.462018672389819,73.8,1
STU_0348,3.1850724512468895,4.839923676108558,2.0,5.0,8.507649658065812,80.2,1
STU_0349,4.563111557495128,9.391757594837458,0.0,,6.140811668623731,76.8,1
STU_0350,5.573105696576306,5.729557977522508,3.0,3.0,7.465860968749192,100.0,1
STU_0351,6.621815131196009,5.512911475815539,1.0,6.0,6.68813640838485,76.8,1
STU_0352,8.950712433899104,4.0,1.0,2.0,8.471075092136124,100.0,1
STU_0353,7.7153192464040385,6.041557378465747,3.0,3.0,7.540939030940595,100.0,1
STU_0354,5.680122940073145,5.015365309888752,1.0,3.0,8.397095779237596,85.1,0
STU_0355,5.961967584194622,9.463022740204554,1.0,,8.914023554005226,97.1,1
STU_0356,3.9949412707243823,8.514725634013951,1.0,2.0,8.399104147657805,93.0,1
STU_0357,5.96297372801522,5.9677744822334144,0.0,5.0,7.855053964581737,84.6,1
STU_0358,5.422682722159723,10.0,1.0,1.0,6.202324063935173,79.6,1
STU_0359,6.645437120676179,8.47264823048739,1.0,3.0,7.496378056133028,93.1,1
STU_0360,4.345538112895354,6.512752924737066,0.0,3.0,6.8069824773794165,71.1,1
STU_0361,7.038693028482345,4.0,0.0,3.0,7.052716856284506,83.0,1
STU_0362,9.065477826005155,10.0,0.0,2.0,7.013105604024674,86.8,1
STU_0363,5.782479703086285,4.915641299854606,1.0,2.0,6.226096752783082,73.2,1
STU_0364,6.8034234441978825,4.531901879564662,2.0,2.0,4.955459834125813,67.3,1
STU_0365,7.380287983422225,8.53385564801446,1.0,0.0,6.631414037173903,81.8,0
STU_0366,5.197559056228328,10.0,1.0,1.0,7.751393287501407,100.0,1
STU_0367,6.448184963620833,9.076409227765778,2.0,0.0,5.747369840944263,72.2,0
STU_0368,6.02518480156359,7.84586368007854,2.0,0.0,7.520386907413112,100.0,1
STU_0369,6.195352197097663,7.892131512497929,1.0,2.0,9.970348951604254,100.0,0
STU_0370,4.453980432289067,8.280123338170462,0.0,3.0,8.829973521827911,93.0,1
STU_0371,6.049020348517885,8.138392884680147,1.0,0.0,9.636603961856688,100.0,1
STU_0372,6.9959965824909,7.421787135954064,1.0,3.0,8.008466240012543,83.4,1
STU_0373,8.902287215590084,7.156301655927814,0.0,1.0,9.01776276988238,100.0,1
STU_0374,7.918541652170414,6.9061103081507165,0.0,1.0,6.558845850391876,71.8,1
STU_0375,10.306364915023114,5.869053116699986,0.0,6.0,6.66235765287142,97.3,1
STU_0376,4.465304874223901,6.578987384699839,2.0,4.0,4.0,75.0,1
STU_0377,7.744641273441356,4.460564778706922,2.0,2.0,9.041989116254989,100.0,1
STU_0378,6.366684011476703,6.852490559807875,3.0,4.0,9.502421173765851,100.0,1
STU_0379,10.379605866435345,5.517113339273624,2.0,4.0,6.780869581048549,100.0,1
STU_0380,4.383403429289697,5.344616024176344,1.0,0.0,7.1698627816835945,74.7,1
STU_0381,4.320556315638448,7.269841226730218,0.0,3.0,6.51997925220175,73.9,0
STU_0382,4.801214709111956,9.088003429516899,1.0,3.0,7.997449616920739,94.0,1
STU_0383,2.0,8.37747490900347,1.0,6.0,8.962412308894214,100.0,1
STU_0384,4.948489956638478,4.644249094565234,0.0,1.0,5.234396433954647,51.3,0
STU_0385,4.481734676892604,5.515557795144494,1.0,4.0,8.032270089834928,87.8,1
STU_0386,6.300787572952415,8.411156781982324,1.0,2.0,7.140326696765111,94.2,1
STU_0387,6.683511951554319,5.5262689096925355,0.0,2.0,7.647412709556696,65.2,1
STU_0388,9.752341678431772,,0.0,2.0,8.096692202176579,94.5,0
STU_0389,7.9008476763721,7.825078148536828,2.0,2.0,7.255336829595333,100.0,1
STU_0390,4.846192688675194,5.547483317704547,3.0,2.0,7.365337090572485,83.8,1
STU_0391,4.203170657303284,7.15806325921894,1.0,1.0,7.2219622821789695,82.5,1
STU_0392,6.983838343013011,4.998961757622693,2.0,0.0,8.761411062324767,98.8,1
STU_0393,3.3595335859587157,6.097948534073179,2.0,,8.044387948165745,100.0,1
STU_0394,9.662917531708707,7.479672901213806,2.0,4.0,7.786758599058569,100.0,1
STU_0395,8.358880241442574,4.6105093997024955,2.0,6.0,5.847762762580032,100.0,1
STU_0396,5.06164869579059,7.660712106940599,2.0,4.0,7.0078463338229,99.1,1
STU_0397,2.573730941818245,6.970543301609978,3.0,2.0,8.668269908440926,99.1,1
STU_0398,8.707744748330825,7.828734931625721,0.0,2.0,7.5490055450610996,88.2,1
STU_0399,5.770920309494764,7.335871201096992,1.0,6.0,8.35739091046588,100.0,1
STU_0400,8.475632623946924,9.046210644960766,2.0,3.0,9.796465340425923,100.0,1
STU_0401,2.811144682411266,7.187836753971861,1.0,3.0,8.850187889971462,100.0,1
STU_0402,4.801249954092454,6.355891688312121,2.0,2.0,7.621105839009665,95.7,1
STU_0403,6.010487399436366,7.183446254548426,2.0,0.0,6.835714078745554,98.1,1
STU_0404,6.093961187529484,7.814947043554582,4.0,2.0,4.180385525127332,86.1,1
STU_0405,5.099869057041513,7.073290105488557,1.0,2.0,7.281099600785292,95.1,1
STU_0406,7.2456998646949975,7.060887536805824,1.0,2.0,7.076183755438096,100.0,1
STU_0407,3.8647591412348112,5.947012468289866,4.0,4.0,8.007476052713988,99.7,1
STU_0408,5.715241029957413,6.0056486236735775,2.0,1.0,7.299923204932906,100.0,1
STU_0409,6.240591263423798,4.89609209230046,0.0,2.0,7.083499422732167,65.0,1
STU_0410,7.028877668117498,9.62436511478041,2.0,3.0,5.186781390340613,100.0,1
STU_0411,7.423229756177779,5.1342051469130725,0.0,6.0,6.278041822104914,83.7,1
STU_0412,3.7507158163242615,5.960642203306139,1.0,3.0,8.119646353040725,77.8,1
STU_0413,2.9317716585287554,5.922389101646203,2.0,2.0,9.730679920472504,100.0,1
STU_0414,8.555353643797018,8.342386565416662,0.0,3.0,7.37321700113069,100.0,1
STU_0415,6.6646280239591835,6.557575482561958,4.0,2.0,7.9261543956463605,99.7,1
STU_0416,4.503026926886893,8.871613109010601,3.0,3.0,8.738221604038646,100.0,1
STU_0417,9.102303951045046,5.9897640636341976,2.0,2.0,6.445837882939675,80.9,1
STU_0418,6.231349268585717,7.418491243335703,0.0,1.0,7.976858256271075,83.1,1
STU_0419,8.358594368127653,5.746979420110364,1.0,3.0,6.537362861768194,76.7,1
STU_0420,6.135036962820218,10.0,1.0,4.0,8.624271770038314,100.0,1
STU_0421,10.121495849763974,5.218602371455731,3.0,2.0,7.696823962337253,100.0,1
STU_0422,9.510681684886409,7.464731065340541,2.0,2.0,7.887987358175872,100.0,1
STU_0423,5.502071703041853,7.950665321398148,1.0,1.0,6.482621823355834,66.8,0
STU_0424,7.943141901908711,7.620698646177248,1.0,1.0,8.41914206749402,86.1,1
STU_0425,7.290751899170295,6.722068511683437,1.0,0.0,10.0,100.0,1
STU_0426,8.737263115064698,6.805268950399861,1.0,0.0,6.189714795943332,83.0,1
STU_0427,4.070153078839791,7.065717207968665,1.0,2.0,7.058313290058219,92.2,1
STU_0428,7.372102919996879,6.779496997557267,1.0,2.0,7.801089716418519,95.0,1
STU_0429,8.116848973699176,8.445818675192365,0.0,1.0,8.522328075594562,83.5,1
STU_0430,2.4825210271537714,10.0,1.0,4.0,6.772589829123691,87.9,1
STU_0431,3.63348297466845,6.16376232248825,1.0,4.0,4.0,74.1,0
STU_0432,2.0,4.945295530631383,1.0,4.0,9.266946342413233,85.1,1
STU_0433,5.461186331110884,6.8675769274731175,2.0,2.0,8.488657955459386,84.6,1
STU_0434,7.435084511591924,10.0,2.0,1.0,5.2341682103673355,74.8,1
STU_0435,9.004714104192056,5.794488148045404,2.0,2.0,6.710160570686577,97.7,1
STU_0436,6.14818956083955,9.4586752081661,0.0,1.0,9.538637158385523,100.0,1
STU_0437,9.257231091142584,9.51655122111466,0.0,1.0,9.382135343995225,100.0,1
STU_0438,3.2397970835702172,6.169617637438008,2.0,2.0,8.720232029482627,97.6,1
STU_0439,2.5932351212896907,,1.0,1.0,7.271053835852179,85.4,1
STU_0440,5.888904602206763,9.442594934692806,1.0,5.0,7.607883644456263,100.0,1
STU_0441,6.768130897878614,6.43130838851877,1.0,2.0,7.329796453336035,82.2,1
STU_0442,5.934610503811814,6.694629459846458,1.0,3.0,8.966711718249488,100.0,1
STU_0443,2.0,6.127478629077034,1.0,2.0,6.361404871556356,76.0,1
STU_0444,5.821759920974423,5.4778649039606995,0.0,4.0,6.452460448650534,68.2,1
STU_0445,3.3910609989902936,6.026083682400989,0.0,1.0,8.81335696288682,96.0,1
STU_0446,7.339345097660077,5.164089599856615,1.0,4.0,7.4423301078349695,100.0,1
STU_0447,6.733196492193697,7.051125202388839,0.0,5.0,9.29200756208995,100.0,1
STU_0448,4.12024042734529,5.845040153412038,,2.0,6.62703413092529,74.1,1
STU_0449,4.972266165326613,7.350678867686121,0.0,3.0,7.428788131559528,81.4,1
STU_0450,3.881572956222097,4.666156530694559,1.0,4.0,6.300863119702861,71.0,1
STU_0451,5.874641805453656,7.496320348321685,0.0,2.0,7.509571485850637,85.7,1
STU_0452,7.910284641002477,8.250293442413387,2.0,0.0,5.577888981901562,74.9,1
STU_0453,4.028547907328912,4.009396536142817,0.0,4.0,6.866076552758548,64.3,1
STU_0454,7.008093031035688,7.561084854771358,0.0,2.0,5.632869975593447,60.2,1
STU_0455,4.939484763255118,8.841503488709938,1.0,4.0,8.402100203148635,89.3,1
STU_0456,4.414254335475311,5.185538471963191,2.0,3.0,8.431566141687547,81.8,1
STU_0457,5.785939280090885,9.508858580256554,1.0,3.0,5.250658450370351,95.3,1
STU_0458,3.929515355161252,7.6285285140490675,3.0,4.0,9.234051469150744,100.0,1
STU_0459,4.8927013893056355,5.942482216362387,0.0,3.0,10.0,100.0,1
STU_0460,3.604244214822303,6.916346383513441,3.0,0.0,7.559808302757244,84.5,1
STU_0461,9.929450265832779,7.837490368782584,2.0,2.0,6.666551461707962,94.2,1
STU_0462,6.070527103943458,7.114008087118617,1.0,2.0,10.0,100.0,1
STU_0463,4.600548984014829,7.808133988669554,1.0,3.0,5.785340952206736,83.6,1
STU_0464,6.427959821468444,5.61898961038095,2.0,4.0,7.526138406929828,89.5,1
STU_0465,5.77534390061834,7.254041236054117,1.0,1.0,7.7335089544215005,96.3,1
STU_0466,5.558060800933554,4.87942825464253,,1.0,9.248691906588139,88.3,1
STU_0467,7.22833340008685,6.83316090797695,0.0,3.0,7.967660667664825,89.8,1
STU_0468,7.51501542009461,5.6441385378028155,1.0,0.0,6.851775935475013,73.3,1
STU_0469,4.938997704778945,5.89670508611535,2.0,3.0,6.263460318495657,92.9,1
STU_0470,4.84836351871064,8.854139762815656,0.0,1.0,7.055631633680024,72.2,1
STU_0471,5.449896605696712,8.636965180891403,2.0,1.0,6.190994430771313,100.0,1
STU_0472,2.0,7.913707181360765,2.0,2.0,7.562172915720088,93.0,1
STU_0473,2.9696178756028955,5.361530852991132,0.0,1.0,6.7665449661813675,78.3,0
STU_0474,8.733748534889049,6.525387325457797,1.0,2.0,5.557750868723324,74.7,0
STU_0475,9.289935427002568,8.819646549968775,0.0,1.0,9.131689524887374,100.0,1
STU_0476,5.501927920887243,7.212575370459857,2.0,4.0,6.853025719542249,94.3,1
STU_0477,7.153113926111533,10.0,0.0,0.0,5.851422153532093,73.4,1
STU_0478,6.622500309087072,7.589976759091558,0.0,2.0,7.281263125166196,100.0,1
STU_0479,12.157761616910475,7.288073674735047,0.0,5.0,7.588883035757957,100.0,1
STU_0480,8.239149822869154,6.536325303696248,0.0,0.0,5.229593256747256,73.7,1
STU_0481,5.744164817038467,7.200311357173423,0.0,1.0,7.931141967263492,100.0,1
STU_0482,4.088919118799149,6.771295245429184,2.0,3.0,6.138695160702656,84.4,1
STU_0483,2.787107359484855,8.062163015032885,1.0,2.0,9.724337451948024,100.0,1
STU_0484,6.406927271734446,8.435053475191875,5.0,4.0,8.181148665699755,100.0,1
STU_0485,4.487298509431393,5.821015809238076,0.0,3.0,6.980130012857888,73.6,1
STU_0486,3.1554925808046517,5.003150569663333,3.0,3.0,6.531281898587444,86.0,1
STU_0487,4.706854231514947,4.245691940345055,0.0,4.0,7.363541980167289,66.3,1
STU_0488,3.83690399277121,7.761986990368816,2.0,1.0,8.296627964058276,90.7,1
STU_0489,9.37428327014513,5.344950090739189,1.0,2.0,7.466857632839241,89.5,1
STU_0490,7.763279513898901,4.0,2.0,2.0,7.217693550722086,78.0,0
STU_0491,5.9840547173667655,7.582867906796446,2.0,,7.575881378063264,95.7,1
STU_0492,8.959888277780053,10.0,0.0,3.0,6.714983389391959,93.1,1
STU_0493,6.154736615295237,6.99089363269016,2.0,3.0,7.053832295104051,84.1,1
STU_0494,4.2774315973434724,8.257736161677464,2.0,5.0,4.788469829423494,97.6,1
STU_0495,9.046248154539315,7.122744037821348,1.0,0.0,8.765844100108078,100.0,1
STU_0496,7.077820087369317,6.851665520213286,1.0,1.0,7.8884371144182905,100.0,1
STU_0497,3.925507691347087,8.378614724481652,0.0,2.0,6.494507402756541,64.8,1
STU_0498,5.619322643832784,6.564588183717023,1.0,2.0,9.968355475761811,100.0,1
STU_0499,4.248763493230486,7.401088471107855,2.0,1.0,7.613121424510102,87.9,1
STU_0500,3.234400538071328,7.48254670929402,2.0,2.0,6.153013356432244,72.9,1
STU_0501,7.852355095063283,5.997864319535427,0.0,1.0,8.613758647911595,95.0,1
STU_0502,9.818833280940261,8.488063524304785,0.0,4.0,8.01746268146204,100.0,1
STU_0503,3.2028648523617176,6.737560364956887,0.0,1.0,8.012953981129485,73.8,1
STU_0504,7.125938473381142,5.866382260760733,0.0,1.0,6.946517713952932,74.3,1
STU_0505,4.698714861756346,7.804764765355605,0.0,3.0,8.085644440911445,85.9,1
STU_0506,5.0257492324706075,5.652298027313444,4.0,2.0,7.159714222712577,87.2,1
STU_0507,4.815212151522262,7.042271736053692,0.0,3.0,8.222723887139594,88.7,1
STU_0508,4.272018460640368,6.986321505033695,1.0,2.0,5.0235722097861695,74.3,0
STU_0509,6.097043255889654,8.628843348747367,1.0,1.0,6.9359644981270545,96.3,1
STU_0510,4.3380997671779244,7.7120473493199295,1.0,5.0,9.738801627150654,100.0,1
STU_0511,6.540913651559678,6.962459561882284,2.0,3.0,6.502812307979609,100.0,1
STU_0512,5.899523781101726,8.22664944880043,2.0,4.0,6.715010213258857,100.0,1
STU_0513,5.522103906267181,,1.0,4.0,6.917650260015033,98.4,1
STU_0514,4.184872675916804,7.8367154595277935,2.0,4.0,5.920752023344764,83.2,1
STU_0515,4.846457338863335,7.015528929765071,1.0,1.0,4.629234990903273,65.7,1
STU_0516,7.510782451651512,5.032245651474761,1.0,3.0,7.200237681919304,78.1,1
STU_0517,7.0018343752487615,5.402329505386941,5.0,4.0,7.676617251306154,100.0,1
STU_0518,4.044889510402898,6.542162943467998,1.0,,7.431743410899752,90.4,0
STU_0519,6.198664610858452,6.0857316967610755,1.0,5.0,7.311657869467747,100.0,1
STU_0520,7.502774246743578,6.7195430455218315,1.0,3.0,7.555953132105504,100.0,1
STU_0521,2.6611894377572565,7.084974887345661,0.0,4.0,8.829693913015994,92.2,1
STU_0522,7.08672038475987,7.794539131535096,0.0,2.0,7.252419958292018,79.9,1
STU_0523,4.674752482108307,6.894251832911364,0.0,1.0,6.753692649786549,81.5,1
STU_0524,7.141197337186319,7.729752465739303,2.0,3.0,7.134536869645488,100.0,1
STU_0525,4.473481686914966,7.096711622215181,0.0,1.0,8.253150787683808,72.7,1
STU_0526,2.390235798670962,4.036800150469193,0.0,2.0,9.335634942106225,87.0,0
STU_0527,2.7449151242336747,5.590996909271869,0.0,1.0,6.683413139080068,53.8,0
STU_0528,6.096169893322764,6.783868666417577,0.0,2.0,7.628613923137549,90.9,1
STU_0529,6.519445003442963,5.185457885738339,1.0,,7.939864674516747,69.4,1
STU_0530,4.191366749791182,7.899893094994306,1.0,3.0,6.20964859125253,76.9,1
STU_0531,7.277184917554748,9.296126248515545,0.0,2.0,7.526542317376793,93.8,1
STU_0532,2.6769598754620803,8.828142777545974,2.0,5.0,5.594623985455277,99.2,1
STU_0533,5.867840402705367,6.679835693604688,0.0,1.0,5.200234605138782,83.5,0
STU_0534,3.5779676004750867,9.236089205274927,1.0,2.0,7.976770330259934,92.3,1
STU_0535,4.696327784395682,7.2230011858031675,0.0,3.0,7.0009628362699825,93.0,1
STU_0536,6.094797342632828,6.494371043322941,3.0,6.0,7.762964529907585,100.0,1
STU_0537,4.279173269432095,6.079896004688591,1.0,4.0,7.476736529889145,92.2,1
STU_0538,5.230888911540349,6.546295470267808,2.0,1.0,6.230679936737063,84.8,1
STU_0539,8.012585618428881,6.417734772188156,1.0,2.0,7.441169407446362,95.1,1
STU_0540,4.846216260953702,7.255624333563231,2.0,1.0,5.896968303480689,88.3,1
STU_0541,7.671384224130284,7.240860971574797,0.0,3.0,9.30826406540182,100.0,1
STU_0542,3.740586290684764,7.004569030230122,1.0,3.0,5.737238551682047,76.7,1
STU_0543,7.059608355830566,7.655407254619525,1.0,2.0,7.245479147740844,100.0,1
STU_0544,8.8831372413158,8.785969412179512,1.0,4.0,6.145046935538577,100.0,1
STU_0545,2.0,8.424331203161985,2.0,3.0,8.241547525369034,100.0,1
STU_0546,4.406209489059046,4.772653047325145,1.0,2.0,7.069139217334047,81.8,1
STU_0547,7.15414425436108,4.0,0.0,3.0,6.825733264492427,89.6,1
STU_0548,5.593909227914015,8.40147986685891,1.0,4.0,8.60916200856702,93.0,1
STU_0549,6.742291746742618,4.949681952376869,1.0,3.0,7.538259769180818,85.3,1
STU_0550,4.792029626568359,6.662851897160975,2.0,1.0,8.171637779716757,89.4,1
STU_0551,6.1731795749458,5.244830460910961,0.0,1.0,6.2242762825272955,52.1,1
STU_0552,5.688645529215841,4.297029343629971,3.0,2.0,5.673737972894241,95.2,1
STU_0553,8.335564123319614,7.812194092307182,2.0,2.0,7.6393703506521735,100.0,1
STU_0554,6.508841686602426,8.138732740453971,2.0,1.0,7.08549973785685,100.0,1
STU_0555,6.675205324150404,6.135234398909921,3.0,5.0,8.314365074190128,100.0,1
STU_0556,5.1762460677550655,4.0,2.0,3.0,7.396119011538685,85.3,1
STU_0557,5.024787551855013,6.180633327621276,0.0,5.0,7.766597941005019,92.2,1
STU_0558,5.134883624360758,7.58770600810382,0.0,5.0,5.389602711076384,81.7,1
STU_0559,6.788904284756594,4.781632646838807,2.0,2.0,9.954968021498534,100.0,1
STU_0560,5.158031038359474,7.275039879668734,1.0,4.0,7.286485419458359,82.5,0
STU_0561,6.579549713792826,6.977035226240507,1.0,4.0,8.406863061440959,100.0,1
STU_0562,10.150801597290878,7.8689372494016325,2.0,3.0,6.413080828714485,100.0,1
STU_0563,7.742249406863385,7.17937055262123,2.0,4.0,7.900412872882543,100.0,1
STU_0564,5.347952935664318,5.540396588677667,0.0,1.0,5.806301807417831,68.3,1
STU_0565,8.402427844327889,8.794857252496737,1.0,2.0,8.087688189737573,100.0,1
STU_0566,5.183849253956897,6.762205640459545,0.0,3.0,7.037233690298417,81.1,1
STU_0567,2.0,,1.0,1.0,7.537947655116238,72.8,1
STU_0568,3.983827378165192,5.600098061390206,3.0,0.0,8.407366239169127,92.4,1
STU_0569,2.2584161579482886,6.335076623212735,0.0,4.0,5.897697595413636,76.3,1
STU_0570,5.296973031917383,5.672795928959649,2.0,4.0,6.610160750203364,85.2,1
STU_0571,6.036836758379104,6.740580910114866,3.0,4.0,8.094521565412794,100.0,1
STU_0572,9.352874624550566,9.567562720213516,3.0,1.0,10.0,100.0,1
STU_0573,6.653854747528325,4.942148285602966,2.0,3.0,7.320492964940073,94.0,1
STU_0574,5.561798942382271,4.579657903184888,3.0,4.0,8.268476953301112,95.8,1
STU_0575,7.658811162366979,9.206755491240413,0.0,3.0,7.360937089183976,85.0,1
STU_0576,2.0,6.686014484272201,4.0,0.0,10.0,100.0,1
STU_0577,6.471229116217132,5.996390892010125,3.0,1.0,5.228611832945168,87.1,1
STU_0578,7.541730387773933,8.559857031094115,0.0,6.0,7.623007358070166,100.0,1
STU_0579,3.042827508440317,6.091576690394704,2.0,2.0,5.386792756369321,57.7,0
STU_0580,8.287508086413858,9.739014570320403,0.0,4.0,4.241456958302268,68.3,1
STU_0581,6.676992814988829,8.016888807008904,1.0,4.0,7.886700669053162,100.0,1
STU_0582,5.169424172198397,6.268132887781446,0.0,3.0,7.681347134991697,82.6,0
STU_0583,7.26556373221257,10.0,2.0,1.0,7.129711980935138,100.0,1
STU_0584,10.541385715608792,6.091427615494992,0.0,2.0,7.361947682948321,84.3,1
STU_0585,6.36373251011699,8.11314305801396,0.0,3.0,10.0,100.0,1
STU_0586,6.496441172600672,7.448938870609738,1.0,5.0,7.164372320559135,100.0,1
STU_0587,5.081278200919511,8.952611934098197,3.0,0.0,8.163161669625097,100.0,1
STU_0588,4.300311261070417,9.342266795090278,1.0,0.0,6.6558257345019545,80.3,1
STU_0589,7.660671633088491,7.04800622359865,2.0,3.0,7.883802347552784,100.0,1
STU_0590,4.287832348182265,5.869873194480725,0.0,4.0,7.190296222427698,60.6,1
STU_0591,6.143132474438785,7.689958214408675,0.0,3.0,6.966325972451351,100.0,1
STU_0592,5.044685106469767,5.983426945371841,1.0,3.0,9.864568091860422,100.0,1
STU_0593,6.957959651492784,10.0,1.0,4.0,9.03034045213964,100.0,1
STU_0594,6.667324210573897,7.204802996624106,4.0,4.0,7.6777706416189995,100.0,1
STU_0595,8.075079888515798,6.452017673031837,0.0,5.0,4.504524483272843,72.2,1
STU_0596,4.979967202290506,7.277020458797363,1.0,2.0,7.0306880097716595,86.5,1
STU_0597,5.460250129413257,4.979310565705456,1.0,2.0,10.0,100.0,1
STU_0598,4.042472568435385,5.542578942234023,0.0,4.0,7.20013983336838,66.2,1
STU_0599,5.111413479847776,8.800620861916638,0.0,1.0,8.934182843669756,100.0,1
STU_0600,6.754600986089704,6.014658581542906,1.0,3.0,9.374525122538381,100.0,1
STU_0601,7.513977233290704,5.42963352597709,1.0,1.0,7.784653090612768,90.3,1
STU_0602,4.155669351644749,7.804979128790929,1.0,4.0,6.405631878571402,85.5,1
STU_0603,7.73921184021132,8.778556231994495,2.0,4.0,4.334093968682245,80.7,1
STU_0604,8.711275717609901,8.0784299659976,4.0,3.0,8.38941217119164,100.0,1
STU_0605,6.826869806447402,8.494071528708725,1.0,5.0,6.440817196329387,99.1,1
STU_0606,9.753591625116131,5.864807367145809,0.0,2.0,7.7289955874539995,74.0,0
STU_0607,4.452421601792854,4.867283999887235,2.0,3.0,5.875233558533827,73.8,1
STU_0608,3.510690593377166,9.25200047793323,3.0,1.0,7.155191197388737,100.0,1
STU_0609,2.442559502191443,6.515980241736797,0.0,2.0,7.543834771371369,62.0,1
STU_0610,8.992088622978367,6.623750475317429,,4.0,7.849171655357587,100.0,1
STU_0611,7.308731312708115,8.992291212773587,0.0,3.0,6.050731156441861,100.0,1
STU_0612,5.8888306581790895,7.83434501410099,1.0,2.0,9.055984233389758,100.0,1
STU_0613,6.5599372526396404,7.683831658122411,1.0,2.0,6.724036779848437,88.7,1
STU_0614,3.749021905403247,10.0,1.0,5.0,5.323189701410781,78.8,1
STU_0615,10.891503959233653,6.034722654429785,0.0,3.0,7.358269554047497,100.0,1
STU_0616,6.258442363950455,8.391760192121856,3.0,6.0,7.544687901734398,100.0,1
STU_0617,6.218789589209786,7.085519687345627,2.0,1.0,7.708766263123287,84.8,1
STU_0618,7.451533247797384,7.402888418294886,3.0,1.0,9.270772124790604,100.0,1
STU_0619,6.962018463473426,9.292702639618797,3.0,2.0,7.192616512243383,99.6,0
STU_0620,6.447768048558263,7.761753634434435,1.0,1.0,7.344494488320597,93.4,1
STU_0621,4.419051089109376,7.807444118574449,3.0,1.0,6.0658603043969785,98.3,1
STU_0622,6.942936714271991,8.608761005964704,1.0,4.0,8.566719553754266,100.0,1
STU_0623,9.764048992950068,6.452570905685672,5.0,3.0,7.739601783301534,100.0,1
STU_0624,8.690840092309955,5.7411854989914906,0.0,4.0,6.953963954517588,82.8,1
STU_0625,9.186373253278795,5.43278620896845,2.0,3.0,5.023922898494897,74.0,1
STU_0626,4.9775686471376295,4.050465115935998,2.0,2.0,9.377735853571615,100.0,1
STU_0627,4.020790359482838,10.0,2.0,0.0,5.904016046207126,72.5,1
STU_0628,5.748426159800704,5.345187451417475,1.0,5.0,6.7313385878193825,83.7,1
STU_0629,6.111449824577389,6.6681195646213425,0.0,2.0,7.965847864398804,88.2,1
STU_0630,8.188383036941897,6.584780050166619,,2.0,5.944474692798307,95.1,1
STU_0631,2.6150707405703613,7.461110046713651,2.0,3.0,5.558437288270913,77.7,1
STU_0632,9.059100638921228,8.223605818808945,1.0,1.0,4.738868142489135,77.6,0
STU_0633,5.683984202842021,8.290710232539618,0.0,2.0,8.437296038777326,92.4,1
STU_0634,5.14623786010516,6.125383842146592,3.0,1.0,6.791257881855781,94.9,1
STU_0635,3.975791249479665,6.749317429320382,3.0,2.0,10.0,100.0,1
STU_0636,2.6902866562684613,7.42386992573245,1.0,4.0,6.207338414679865,91.6,1
STU_0637,7.646341167923829,6.62696331072468,1.0,2.0,6.302113669542402,85.6,1
STU_0638,6.146635934376808,9.411018364029989,3.0,1.0,6.764989138628978,85.1,1
STU_0639,3.4200782005178922,7.7364624274573774,0.0,2.0,7.816075051680036,86.3,1
STU_0640,3.409842455872768,8.102316679074725,0.0,6.0,6.888735659579095,92.1,1
STU_0641,5.328430601419743,7.994321903001119,1.0,4.0,8.296031878203266,100.0,1
STU_0642,9.338043050578786,8.760210786227987,4.0,3.0,6.2278350930147495,100.0,1
STU_0643,5.48081729727279,7.27153233805556,2.0,3.0,5.703930765997344,81.1,1
STU_0644,2.9937140937637876,5.05475207806623,1.0,1.0,5.16232083876816,56.6,0
STU_0645,5.508513871828112,7.599531927628963,2.0,2.0,4.609353581681644,85.7,1
STU_0646,5.454552860504659,6.022964659312256,3.0,1.0,6.826510274682426,85.8,1
STU_0647,2.0,6.207074977375365,1.0,1.0,7.108725593888812,74.0,1
STU_0648,5.8914102669643755,7.87954602813264,1.0,3.0,6.679131864271862,90.6,1
STU_0649,5.538130939582644,8.857424607150453,4.0,3.0,9.116427536343311,100.0,1
STU_0650,7.3924127296268365,7.031907365104092,1.0,3.0,9.096439272490576,100.0,1
STU_0651,9.69791218989069,7.463249518898445,0.0,1.0,7.0647561163221475,100.0,1
STU_0652,8.253130059095515,9.553322416952856,0.0,3.0,5.167902552850448,80.4,1
STU_0653,5.462222618890339,7.361129769232853,1.0,2.0,6.763283359528431,86.1,1
STU_0654,3.7869481825166593,10.0,0.0,3.0,6.72023218790782,84.0,1
STU_0655,11.14671960649972,7.848264468447316,0.0,3.0,6.645724549038524,100.0,1
STU_0656,6.118436868028977,4.358855861266274,0.0,2.0,6.592965424932282,61.4,1
STU_0657,6.027858583825893,8.130012431656798,4.0,3.0,6.650498235557751,100.0,1
STU_0658,5.951749825779993,7.571737577324167,1.0,4.0,6.997495899332912,94.0,1
STU_0659,6.39616952153571,,0.0,3.0,6.673796571539777,86.9,1
STU_0660,5.711279176152115,8.009772026904937,0.0,1.0,7.77081926121327,92.8,1
STU_0661,4.852675986239527,6.792316024024339,0.0,5.0,7.9684793306763195,91.0,1
STU_0662,4.906282117519216,5.163552645565952,0.0,2.0,6.316161386662763,47.0,0
STU_0663,5.934493459568003,6.686465114070963,1.0,1.0,9.152384923809144,99.4,1
STU_0664,4.9131504577324705,5.72421931868605,0.0,0.0,6.225919007607201,64.5,0
STU_0665,4.574308434645671,6.129214825292916,0.0,1.0,5.396859202040062,63.5,1
STU_0666,6.212860455383794,7.8828676066309145,1.0,4.0,7.995011492774568,100.0,1
STU_0667,5.490045565158289,9.50485675652711,1.0,2.0,6.437369425261358,86.1,1
STU_0668,9.007985977165378,7.592007294734472,0.0,2.0,7.917678911984605,100.0,1
STU_0669,2.0,5.2061754069472235,0.0,4.0,4.37523081856931,31.1,0
STU_0670,8.183013703844924,7.666904002330211,1.0,0.0,9.310192723927988,100.0,1
STU_0671,8.492170384995259,8.794947229968477,2.0,1.0,8.373981430452522,100.0,1
STU_0672,2.0,6.085325643520926,1.0,2.0,5.549380486088098,71.6,1
STU_0673,5.314624811839303,6.798974249990623,0.0,2.0,5.577589738999828,56.2,0
STU_0674,5.257118268008417,7.022032292093796,1.0,2.0,9.673945675326786,100.0,1
STU_0675,3.1849766105643575,5.82265253037664,1.0,3.0,6.541406125452654,64.2,1
STU_0676,4.444366624818249,7.972420650765788,1.0,1.0,6.415559696647589,91.1,1
STU_0677,3.7788483090683425,6.818577777088327,1.0,1.0,4.554132277605932,65.6,1
STU_0678,9.504540886847245,7.629298665860541,1.0,4.0,7.04398833271798,89.7,1
STU_0679,7.871356786294922,5.66876173329685,2.0,1.0,7.203964500713521,88.1,1
STU_0680,8.543110189988317,6.343812549514884,2.0,2.0,8.430141025800332,100.0,1
STU_0681,7.44334412808647,8.083572036741657,4.0,1.0,5.681198043360181,100.0,1
STU_0682,3.7418964575655416,6.440750271862349,0.0,3.0,5.523627170087208,69.7,1
STU_0683,4.950959467440453,9.590445776850107,2.0,2.0,8.08625142520942,100.0,1
STU_0684,6.978749122455836,6.400545721578096,2.0,3.0,8.808749092595184,100.0,1
STU_0685,3.5557443822161092,7.337027088627829,2.0,2.0,5.457501943546752,75.3,1
STU_0686,7.425996860344776,8.398886247809635,2.0,0.0,8.905968312189664,100.0,1
STU_0687,5.5193492036837295,4.872451400600452,0.0,4.0,7.548804393932868,86.5,1
STU_0688,5.250358384900805,4.358786782028837,1.0,3.0,8.91934694079704,90.6,1
STU_0689,7.421919936406983,4.711515528144858,2.0,,7.408713530027098,78.7,1
STU_0690,6.88852662297208,8.893876155140774,1.0,1.0,4.221038707265665,63.3,0
STU_0691,5.278067668361841,6.172212781161329,1.0,4.0,7.30244240298915,91.3,1
STU_0692,8.318659606728495,,1.0,2.0,8.87818696427265,100.0,1
STU_0693,3.8378733448002054,6.153628602013917,1.0,3.0,6.338130175191171,79.9,1
STU_0694,7.231871213888527,7.276826954795555,0.0,1.0,6.995645540420313,79.8,1
STU_0695,7.186202515936768,9.313164928851814,0.0,3.0,7.271026445383728,99.5,1
STU_0696,5.38090712137202,10.0,0.0,3.0,4.0,76.7,1
STU_0697,6.652266044484236,10.0,1.0,7.0,9.67275184806872,100.0,1
STU_0698,3.497772847229394,8.812549345889714,3.0,4.0,6.3282116161336734,100.0,1
STU_0699,7.848054038413802,8.536093788717194,1.0,2.0,8.157456062214639,100.0,1
STU_0700,5.630195727114022,7.888790423801774,1.0,1.0,7.387288523007329,90.1,1
STU_0701,4.954553958961921,8.167541614249956,3.0,1.0,9.134904773267168,100.0,1
STU_0702,8.098018451673779,6.1732214255072,1.0,4.0,8.027872959156506,100.0,1
STU_0703,4.591312618914482,5.772701674866539,0.0,1.0,7.194598447022733,73.3,0
STU_0704,3.1830774072728807,6.994938313883572,1.0,4.0,6.338430379724936,78.9,1
STU_0705,2.8867416529521925,6.744723066212607,0.0,2.0,8.53720591179678,84.4,1
STU_0706,7.21201990269128,6.320157926009087,,3.0,5.064526304858998,64.5,1
STU_0707,3.439141295007434,8.044581171185072,4.0,3.0,8.33965754635866,100.0,1
STU_0708,9.50958836396873,8.432957812855767,,2.0,6.071241822978665,92.3,1
STU_0709,2.0,7.132610329437771,0.0,4.0,9.127968760543633,87.6,1
STU_0710,9.392912736580076,9.216295121582892,2.0,5.0,7.7096894054615035,100.0,1
STU_0711,6.422034934405237,5.287466328799742,0.0,5.0,8.33736089820514,86.8,1
STU_0712,5.806573776259215,6.709510811080423,0.0,1.0,7.606585457972135,92.2,1
STU_0713,4.910161826382101,5.924766519095792,0.0,3.0,5.221909776316704,73.2,1
STU_0714,6.798272228704142,4.20019507439041,2.0,3.0,6.38105208758606,84.1,1
STU_0715,5.9247305951503035,6.875978971235951,1.0,3.0,8.374106138894797,100.0,1
STU_0716,8.206603764033042,6.8173787374250745,1.0,3.0,7.7166525625677975,100.0,1
STU_0717,6.228455297324079,,3.0,4.0,9.035286876897374,100.0,1
STU_0718,6.300603522923756,7.946217526832166,1.0,3.0,8.024256931948322,98.0,1
STU_0719,5.272775575572288,5.463719763506193,0.0,0.0,6.243287542086542,58.7,1
STU_0720,5.886108752557865,9.781138849501282,0.0,2.0,6.465116620963176,77.0,1
STU_0721,6.615603537784119,8.83155054328803,1.0,1.0,7.633792607680208,89.2,1
STU_0722,2.579663214686749,7.873146555202924,2.0,0.0,4.491742714199862,69.6,1
STU_0723,3.303629155788574,6.660273851725252,1.0,3.0,9.675474451309881,98.7,1
STU_0724,7.48652818804543,5.5608411449147805,0.0,2.0,8.074270757290824,87.8,1
STU_0725,6.341730876255884,6.4416898358934205,1.0,2.0,9.095144976163533,100.0,1
STU_0726,5.632033327294642,8.63312292955628,1.0,4.0,5.44521487694808,94.9,1
STU_0727,6.036867866130787,,0.0,4.0,9.117934708461833,99.7,1
STU_0728,6.695163410723342,9.314865292408284,1.0,1.0,10.0,100.0,1
STU_0729,4.920480639381277,6.266725867320589,0.0,6.0,5.7828581380094874,80.8,1
STU_0730,4.4433905491953745,5.320573850066483,1.0,0.0,8.502822333374898,63.8,1
STU_0731,6.391690510195363,7.211329370366806,1.0,2.0,7.501442928093481,88.8,1
STU_0732,4.043254444769936,4.347340951655722,0.0,3.0,5.492235997277282,67.0,1
STU_0733,6.816505511428944,7.484751571277172,2.0,5.0,8.140749163407431,100.0,1
STU_0734,2.5948327915243192,,1.0,1.0,8.583684166288553,84.5,1
STU_0735,8.058311274651288,6.300945247197637,1.0,6.0,6.718535481530499,100.0,1
STU_0736,6.9451949648260864,4.6079453990998065,3.0,2.0,9.01569147633179,100.0,1
STU_0737,6.5120594686277515,7.770400159854574,0.0,3.0,5.333207571174043,65.2,1
STU_0738,7.965381967891028,6.200948740507133,0.0,1.0,5.556817009615463,67.6,1
STU_0739,9.330948888925153,5.245124746434568,3.0,4.0,7.677576614265378,100.0,1
STU_0740,8.028740130036262,4.0,1.0,4.0,7.533000861363953,100.0,1
STU_0741,2.3182515373367094,6.958727642424045,3.0,2.0,6.568454465048664,85.4,0
STU_0742,3.440846066528597,9.658377395004617,2.0,3.0,8.55247276676345,100.0,1
STU_0743,4.7503628446086426,9.491888821821805,4.0,1.0,8.190162608480733,100.0,1
STU_0744,6.052182100421668,6.314355615120592,0.0,3.0,8.615580792214221,82.2,1
STU_0745,7.035318040938246,6.096681909457329,1.0,4.0,7.339922634042052,93.0,1
STU_0746,4.548512373693069,7.703161384112535,4.0,2.0,8.283354348371843,100.0,1
STU_0747,6.373533528954157,5.502421841217563,1.0,2.0,6.9206546060610075,74.9,1
STU_0748,4.489234135293355,7.452687849729199,,5.0,10.0,100.0,1
STU_0749,4.776964394016104,8.149120417577036,1.0,5.0,6.443690498841418,84.7,1
STU_0750,3.1866778063035555,8.840399835826462,1.0,1.0,10.0,100.0,1
STU_0751,4.153533507778191,6.849768885280071,2.0,1.0,7.545354331216231,83.8,1
STU_0752,3.2966307887673327,6.694489374734551,0.0,1.0,5.7118358435606345,68.0,0
STU_0753,4.048253494045334,5.683026119865159,0.0,4.0,9.278503155635182,92.8,1
STU_0754,8.10728359321568,5.7596794689402095,1.0,4.0,7.663671804913447,93.8,1
STU_0755,4.101202222336114,6.66028166214771,2.0,3.0,8.606461327894309,96.1,1
STU_0756,11.26476412967478,7.551048260224267,0.0,0.0,9.091012694105371,100.0,1
STU_0757,6.9866358017617785,8.370376939349875,2.0,2.0,7.939342220388533,100.0,1
STU_0758,6.369672247389747,5.795231573979483,,3.0,6.730086901743341,100.0,1
STU_0759,4.283284439637573,9.239032853439284,0.0,1.0,8.768427390970025,80.7,1
STU_0760,7.4006197588179825,6.593314598436147,0.0,8.0,7.500982159690974,100.0,1
STU_0761,4.848724347524453,6.967949058477346,0.0,1.0,8.391615164190945,81.5,1
STU_0762,6.244019629290723,5.879182481278265,1.0,3.0,4.7001502540711,48.1,0
STU_0763,11.12016907653759,4.0,3.0,3.0,8.081076232112807,100.0,1
STU_0764,5.8078802005507,8.326068094541574,1.0,3.0,6.669838427311461,95.7,0
STU_0765,8.298546652571352,8.10526584563865,0.0,3.0,9.64930252833209,100.0,1
STU_0766,4.593647149748225,6.57800866432268,0.0,1.0,8.310013552255823,86.4,1
STU_0767,5.930023019006077,7.100486075837308,0.0,2.0,7.811815069604085,88.8,1
STU_0768,9.54160127127102,7.773908826556149,1.0,0.0,8.132202991355289,98.3,1
STU_0769,4.746065884424465,4.656181214670186,1.0,1.0,6.2020268912602665,62.3,0
STU_0770,9.624897115993857,6.206420983980558,2.0,1.0,9.61023369768647,100.0,1
STU_0771,7.415503870910951,8.19139701943274,1.0,4.0,10.0,100.0,1
STU_0772,4.875066448211465,5.118565865246126,1.0,4.0,8.01078756371268,89.3,1
STU_0773,7.264815478111042,7.440336898249944,0.0,4.0,9.56752463914573,100.0,1
STU_0774,7.9451088992534595,4.965127293064892,0.0,2.0,6.760107341725706,61.2,0
STU_0775,7.243619924434393,7.699644973650289,2.0,0.0,6.463752363907525,93.5,1
STU_0776,2.859550560219087,6.946537776553774,4.0,1.0,7.5532021733476,100.0,1
STU_0777,4.545725648350263,4.577302276141736,2.0,6.0,8.065423349878268,99.3,1
STU_0778,5.504962728896991,8.747109031685756,1.0,0.0,6.9878173143839435,81.9,1
STU_0779,5.851133141799908,5.898112634802926,2.0,3.0,8.19909864747903,93.1,1
STU_0780,7.241344195101356,5.7846213444784285,1.0,4.0,7.8983063266954385,100.0,1
STU_0781,6.355402001866508,7.300853795846415,0.0,1.0,6.2022011921216285,61.7,1
STU_0782,3.3293112825797975,8.722956024143073,1.0,2.0,8.174430922687238,100.0,1
STU_0783,6.760395702011927,5.476267271532405,0.0,2.0,8.622586715277977,85.4,1
STU_0784,7.221171490567646,7.092519774771957,2.0,1.0,7.722910112867508,100.0,1
STU_0785,7.11958089586208,7.643224750495859,2.0,3.0,8.9984425342402,100.0,1
STU_0786,8.161561451109243,8.039658410894717,0.0,3.0,5.917375068453962,78.5,1
STU_0787,7.667844309097808,7.2646623329158375,1.0,2.0,8.108335548771407,100.0,1
STU_0788,6.918360158456873,6.449458241375017,3.0,3.0,5.978635081684192,93.6,1
STU_0789,5.859668577082706,5.758614669026921,2.0,2.0,6.051694234296987,66.9,1
STU_0790,2.678078132968017,7.129215824569562,0.0,0.0,6.679789916140873,74.7,1
STU_0791,6.859236438265172,5.39179148202159,0.0,1.0,6.2753217613534815,63.2,1
STU_0792,6.4153753743262225,4.0,2.0,3.0,6.787605435636521,77.2,1
STU_0793,6.543157674390747,7.654839706236501,1.0,4.0,7.221604596075455,100.0,1
STU_0794,3.446502848359381,8.355902261629293,1.0,3.0,8.5883008322308,87.7,1
STU_0795,3.8378869191834752,4.0,3.0,2.0,7.082493249682587,80.6,1
STU_0796,8.106305706665808,5.485403942935093,1.0,3.0,5.43868658119953,77.2,1
STU_0797,5.92088969228669,7.928731391507797,1.0,1.0,8.982088200443709,91.5,1
STU_0798,7.363001394745249,10.0,0.0,3.0,6.411782826300449,92.4,1
STU_0799,6.056636752260922,7.031190561513112,1.0,4.0,7.423663444763982,100.0,1
STU_0800,6.05951227899149,5.907995588156298,1.0,1.0,8.080497459022926,90.1,1
STU_0186,7.428000988184184,5.262452966211185,4.0,2.0,8.452970565905797,100.0,1
STU_0641,5.328430601419743,7.994321903001119,1.0,4.0,8.296031878203266,100.0,1
STU_0515,4.846457338863335,7.015528929765071,1.0,1.0,4.629234990903273,65.7,1
STU_0035,7.645089824206378,6.947972668919828,2.0,1.0,6.720231369684196,100.0,1
STU_0067,5.855979756839332,7.428798086087357,0.0,3.0,6.491362729883571,98.4,1
STU_0178,8.907068154314633,4.0,1.0,3.0,4.668641948146906,71.0,1
STU_0734,2.5948327915243192,,1.0,1.0,8.583684166288553,84.5,1
STU_0216,7.517938440986535,7.296866175193972,1.0,2.0,7.473871622699453,99.3,1
